{
  "id": "1492060",
  "name": "iconfont",
  "font_family": "iconfont",
  "css_prefix_text": "icon-",
  "description": "",
  "glyphs": [
    {
      "icon_id": "528325",
      "name": "设置",
      "font_class": "shezhi",
      "unicode": "e6b7",
      "unicode_decimal": 59063
    },
    {
      "icon_id": "2747266",
      "name": "我的订单",
      "font_class": "dingdan",
      "unicode": "e62e",
      "unicode_decimal": 58926
    },
    {
      "icon_id": "3030159",
      "name": "更多",
      "font_class": "icon-toolbar-sys-more",
      "unicode": "e604",
      "unicode_decimal": 58884
    },
    {
      "icon_id": "5289015",
      "name": "客服",
      "font_class": "kefu",
      "unicode": "e751",
      "unicode_decimal": 59217
    },
    {
      "icon_id": "7708180",
      "name": "首页-选中",
      "font_class": "yemian-copy-copy",
      "unicode": "e601",
      "unicode_decimal": 58881
    },
    {
      "icon_id": "7711074",
      "name": "票夹_28",
      "font_class": "piaojia28",
      "unicode": "e62f",
      "unicode_decimal": 58927
    },
    {
      "icon_id": "7903598",
      "name": "锁子",
      "font_class": "suozi",
      "unicode": "e6be",
      "unicode_decimal": 59070
    },
    {
      "icon_id": "8763161",
      "name": "我的卡包",
      "font_class": "icon-test",
      "unicode": "e6e0",
      "unicode_decimal": 59104
    },
    {
      "icon_id": "8769820",
      "name": "定位 位置 copy",
      "font_class": "dingweiweizhicopy",
      "unicode": "e600",
      "unicode_decimal": 58880
    },
    {
      "icon_id": "9446794",
      "name": "意见反馈",
      "font_class": "yijian",
      "unicode": "e619",
      "unicode_decimal": 58905
    },
    {
      "icon_id": "9555746",
      "name": "我 的",
      "font_class": "wode",
      "unicode": "e653",
      "unicode_decimal": 58963
    },
    {
      "icon_id": "9739147",
      "name": "通讯录",
      "font_class": "icon-test1",
      "unicode": "e616",
      "unicode_decimal": 58902
    },
    {
      "icon_id": "9786196",
      "name": "收货地址",
      "font_class": "shouhuodizhi",
      "unicode": "e623",
      "unicode_decimal": 58915
    },
    {
      "icon_id": "11218200",
      "name": "影院",
      "font_class": "yingyuan",
      "unicode": "e675",
      "unicode_decimal": 58997
    }
  ]
}
